"","Chisq","Df","Pr(>Chisq)"
"c_SOA",146.251816485842,1,1.14364338318399e-33
"is_onset",110.255011225142,1,8.61620380092573e-26
"is_task_relevant",17.1068309523943,1,3.53349866654182e-05
"c_SOA:is_onset",48.8292561971317,1,2.79243235909716e-12
"c_SOA:is_task_relevant",1.48994822497402,1,0.222224493204765
"is_onset:is_task_relevant",16.4518477088273,1,4.9901521600116e-05
"c_SOA:is_onset:is_task_relevant",2.0202060410203,1,0.15521807868152
